54,3,1,50,"怀孕反应","{cmspath}/huaiyun/hyfy","怀孕初期的症状一般出现在停经6周开始至怀孕3个月的这一时间段内。怀孕反应一般包括头晕乏力、食欲不振、喜酸食物或厌恶油腻恶心、晨起呕吐等。妈妈网提醒孕妇，并非所有的孕吐都是早孕反应，一旦发生剧吐，需到医院及时就诊。","妊娠反应,怀孕的症状,早孕反应,孕吐","妊娠反应，怀孕的症状，怀孕反应",554
2,0,1,0,"备孕","{cmspath}/beiyun/","备孕注意事项,备孕期间不能吃什么,备孕知识,备孕成功经验","孕前准备是优孕的关键，妈妈网为你讲解相关的备孕知识，包括孕前检查、孕前饮食、遗传优生、生男生女、不孕不育等知识。此外，我","备孕注意事项，备孕期间不能吃什么，备孕知识",502
3,0,1,1,"怀孕","{cmspath}/huaiyun","怀孕是有很多学问的，如怀孕的征兆包括喜酸食物或厌恶油腻、恶心、晨起呕吐等。怀孕的初期症状一般出现在怀孕6周左右。妈妈网为你搜集了最全的怀孕注意事项，包括从环境,生活方式、食物、用药等各个方面需要的注意事项。","怀孕注意事项,怀孕的初期症状,怀孕的征兆,孕期注意事项","怀孕注意事项，怀孕初期症状，怀孕的征兆",503
4,0,1,2,"分娩","{cmspath}/fenmian","每一个女性都应该了解分娩的知识，包括分娩前的征兆、无痛分娩、自然分娩、分娩前的准备等知识。妈妈网为你详细解说孕妇分娩的全过程，助你做好身心准备。","分娩前的征兆,无痛分娩,孕妇分娩全过程,自然分娩","分娩前的征兆，无痛分娩，孕妇分娩全过程",504
5,0,1,3,"月子","{cmspath}/yuezi/","坐月子恢复得不好，会影响产妇的身体健康。坐月子注意事项很多，坐月子要注意不能吹风、不能吃生冷的食物，多吃些汤类食物。妈妈网为你搜集了最全的月子餐，如各种肉食、鱼类、蛋类、蔬菜、水果、豆制品等。","坐月子注意事项,坐月子吃什么好,做月子要注意什么,月子餐","坐月子吃什么好，做月子要注意什么，月子餐食谱",505
6,0,0,49,"图库","{cmspath}/pics/","","","",506
28,0,1,5,"0-1岁","{cmspath}/yinger/","必备育儿知识，才能给孩子最好的呵护。妈妈网提醒，0-1岁的婴儿还很娇嫩，家长们必须学习如何照顾婴儿，包括婴儿湿疹、婴儿喂养、婴儿护理、婴儿辅食等等方面的知识。","婴儿湿疹,婴儿喂养,婴儿护理,婴儿辅食","婴儿湿疹，婴儿辅食，婴儿护理",528
53,3,1,50,"孕期保健","{cmspath}/huaiyun/yqbj","孕期保健直接影响到孕妇身体的健康和胎儿的正常发育，因而了解孕期保健知识很重要。妈妈网孕期保健宝典教你如何保健，孕妇保健除了定期产前检查之外，在衣、食、住、行以至劳动、工作和休息等方面都要适当安排。","怀孕保健,孕期保健知识,孕妇保健,孕期保健宝典","孕期保健知识，孕妇保健，怀孕保健",553
27,0,1,4,"新生儿","{cmspath}/xinsheng/","新生儿可爱却娇嫩，容易发生不适，妈妈网提醒，父母们应该多了解一些新生儿护理知识，如新生儿黄疸、新生儿打嗝、新生儿睡觉，等等，从而让宝宝健康成长。","新生儿,新生儿黄疸正常值,新生儿打嗝,新生儿睡觉不踏实","新生儿打嗝，新生儿睡觉不踏实，新生儿吐奶",527
50,3,1,2,"孕期检查","{cmspath}/huaiyun/yqjch","孕期检查很重要，能及时了解胎儿的发育情况。妈妈网告诉你怀孕检查如何才科学，首先要了解孕期检查的项目有哪些，以及孕期检查时间表，等等。其中定期/特殊产检项目需要根据你的具体情况安排，不一定都会进行。","怀孕检查,孕期检查,孕期检查时间表,孕期检查项目","怀孕检查，孕期检查时间表，孕期检查项目",550
51,3,1,50,"疾病与用药","{cmspath}/huaiyun/jibing","孕妇一定要注意孕期疾病与用药，察觉到身体有异状后应去医院就诊，切勿随意用药。孕期用药必须根据医生指导进行服药。妈妈网提醒，孕妇应做好必要的孕期检查以预防孕期疾病。","孕期疾病与用药,孕期用药,孕期疾病,孕妇疾病","孕期用药，孕期疾病，孕妇疾病",551
52,3,1,50,"孕期饮食","{cmspath}/huaiyun/yqysh","孕妇在孕期饮食方面要非常注意，孕期饮食禁忌和孕期饮食注意事项有很多。妈妈网告诉你，怀孕期间饮食要注意少量多餐，食物烹调清淡，避免食用过分油腻和刺激性强的食物。","孕期饮食,怀孕期间饮食注意,孕期饮食注意事项,孕期饮食禁忌","怀孕期间饮食注意，孕期饮食注意事项，怀孕饮食",552
12,0,0,99,"在线留言","/plus/guestbook.php","","","",512
15,2,1,1,"孕前检查","{cmspath}/beiyun/jiancha","夫妻准备生育之前都需做孕前检查，孕前检查项目包括女性孕前检查和男性孕前检查。妈妈网列举了详细的孕期检查注意事项，如孕前检查的最佳时间是孕前3~6个月，孕前检查费用因医院不同而有所差异，等等。","孕前检查,孕前检查项目及费用,孕期检查注意事项,孕前优生健康检查","孕前检查最佳时间，孕前检查项目及费用，孕前优生健康检查",515
16,27,1,50,"奶粉喂养","{cmspath}/xinsheng/weiyang","母乳和奶粉混合喂养一般是母乳不够的情况下，给新生儿再添加奶粉。妈妈网提醒，新生儿奶粉喂养量、奶粉喂养间隔时间和次数需根据新生儿白天哺喂后酣睡时间来断定，酣睡超时，新生儿奶粉须减量或停止添喂。","新生儿奶粉喂养量,奶粉喂养注意事项,母乳和奶粉混合喂养,奶粉喂养间隔时间","新生儿奶粉喂养量，奶粉喂养注意事项，母乳和奶粉混合喂养",516
17,28,1,50,"奶粉辅食","{cmspath}/yinger/fushi","母乳和奶粉混合喂养一般是母乳不够的情况下，给婴儿再添加奶粉。妈妈网提醒，婴儿奶粉喂养量、奶粉喂养间隔时间和次数需根据婴儿白天哺喂后酣睡时间来断定，酣睡超时，婴儿奶粉须减量或停止添喂。","婴儿奶粉喂养,奶粉喂养注意事项,母乳和奶粉混合喂养,奶粉喂养间隔时间","婴儿奶粉喂养注意事项，母乳和奶粉混合喂养注意事项",517
18,5,1,50,"产后修复","{cmspath}/yuezi/xiufu","产后修复是每个孕妈妈都关心的问题，包括产后身材恢复、体质调理、产道修复，局部塑形、胸部护理、疤纹修复、产后保养等。妈妈网提醒，产后6个月内，属于女性的黄金恢复期，妈妈们利用好能够事半功倍。","产后修复,产后恢复,产后如何恢复身材,产后子宫恢复","产后如何恢复身材，产后子宫恢复，产后修复",518
19,2,1,7,"遗传优生","{cmspath}/beiyun/youshen","遗传优生是有技巧的，妈妈网搜罗了全面的优生优育知识，如优生优育检查项目、优生四项、遗传优生的秘诀等，提供给准爸妈参考，教你如何避开遗传病，让你优生优育生出健康好宝贝。","遗传优生,优生优育检查项目,优生优育知识,优生四项","优生优育检查项目，优生优育知识",519
20,2,1,6,"验孕检查","{cmspath}/beiyun/nyny","验孕检查有各种各样的方法，妈妈网告诉你如何验孕，验孕方法包括验孕试纸法、抽血验孕法、尿液检测验孕法，等等。去医院验孕通常用的是验孕试纸法，一般很少采用血液检测，因为抽血验孕费用较高。","验孕检查,如何验孕,抽血验孕,去医院验孕","如何验孕，抽血验孕，去医院验孕",520
21,2,1,4,"不孕不育","{cmspath}/beiyun/ysyc","婚后一年没有怀孕就应当引起注意，如果出现月经紊乱、腹痛、白带异常等不孕不育的症状，需及时到医院检查不孕不育原因。不孕不育的检查项目有哪些，不孕不育的检查费用是多少，不孕不育怎么治疗，妈妈网一一为你解说。","不孕不育检查费用,不孕不育检查项目,不孕不育的症状是什么,不孕不育的原因","不孕不育检查项目及费用，不孕不育的症状是什么，不孕不育的原因",521
22,2,1,4,"生男生女","{cmspath}/beiyun/nannv","生男生女是有秘诀的，但是生男生女秘诀并非由命运决定的，而是由男女双方决定的。妈妈网告诉你如何科学生男生女，如何通过一些生男生女特征来判断生男生女。","生男生女,生男生女特征,生男生女秘诀,科学生男生女","生男生女特征，生男生女秘诀，科学生男生女",522
23,2,1,2,"备孕生活","{cmspath}/beiyun/plq","备孕是孕妇对优孕的前提准备，备孕生活主要包括“身”、“心”两方面的调理。备孕生活期间，孕妇备孕生活习惯、饮食习惯、性生活等等都会直接影响优孕，妈妈网告诉你如何科学地过备孕生活。","备孕生活,备孕生活习惯,备孕 性生活","备孕生活习惯，孕前生活，备孕 性生活",523
24,2,1,3,"助孕饮食","{cmspath}/beiyun/yanyun","孕前饮食很重要，正确的助孕饮食能增加受孕几率，平衡营养，帮助女性成功怀上健康宝宝。妈妈网搜集了最齐最新的备孕食谱，如常见的助孕食物有花生、小米、鸡蛋、新鲜蔬菜、水果等。","孕前饮食,备孕食谱,备孕饮食,助孕食物","备孕食谱，备孕饮食，助孕食物",524
25,4,1,50,"产前心理","{cmspath}/fenmian/cqxl","孕妇产前心理也会影响分娩，准妈妈要注意在心理上及时调节，防止发生产前抑郁症。妈妈网提醒，了解孕妇产前征兆，做好身心准备，能够有助于减少产前焦虑。","产前心理,产前抑郁症,孕妇产前征兆,唐氏综合症产前筛查","产前抑郁症，孕妇产前征兆，唐氏综合症产前筛查",525
26,3,1,1,"胎儿发育","{cmspath}/huaiyun/fayu","胎儿发育是准爸妈必须掌握的育儿知识，包括胎儿发育标准、胎儿停止发育的症状等知识。妈妈网的胎儿发育过程图片为你展示整个胎儿发育过程，让你能直观了解怀孕过程中每一周胎儿发育状况。","胎儿发育,胎儿发育过程图,胎儿停止发育的症状,胎儿发育标准","胎儿发育过程图，胎儿停止发育的症状，胎儿发育标准",526
29,0,1,6,"1-3岁","{cmspath}/yuer/","幼儿早教非常重要，父母是幼儿最好的早教老师。妈妈网提醒，不同月龄婴儿早教方法大不同，1-3岁的幼儿教育侧重于幼儿的语言发展、幼儿的生活习惯和学习习惯、幼儿心理、幼儿逻辑思维和创造力等等。","幼儿早教,幼儿教育,幼儿护理,幼儿心理","幼儿早教，幼儿护理，幼儿心理",529
30,0,1,7,"3-6岁","{cmspath}/xueqian/","学龄前儿童教育很重要，对于儿童的一生具有决定性的作用。妈妈网提醒，影响儿童智力发展的主要有营养和教育两大方面，作为家长既要教会学龄前儿童识字，也要兼顾学龄前儿童的营养。","学龄前儿童教育,学龄前儿童营养,学龄前儿童识字,儿童食谱","学龄前儿童营养，学龄前儿童识字，儿童食谱",530
64,4,1,50,"迎接宝贝","{cmspath}/fenmian/yjbb","迎接宝贝出生是非常让人期待和幸福的，妈妈网提醒，在婴儿出生前，父母应准备好孩子出生以后的使用物品、衣物、食品等。另外，还要做好分娩前的心理准备和思想准备。","迎接宝贝,婴儿出生,孩子出生,宝宝出生","婴儿出生，孩子出生，宝宝出生",564
63,4,1,50,"分娩过程","{cmspath}/fenmian/guocheng","分娩过程是每个孕妇都需要了解的，分娩全过程包括3大产程，妈妈网提醒，了解生孩子的过程才能做好身心准备，从而预防产前焦虑症的发生。","分娩过程,分娩全过程,生孩子的过程,怎样生孩子","分娩过程，生孩子的过程，怎样生孩子",563
60,4,1,50,"产前检查","{cmspath}/fenmian/chqjch","每个孕妇都需要做产前检查，妈妈网提醒，第一次产检的孕妈可以先去了解一下产前检查项目及费用，然后根据产前检查时间表，选择需要做的产前检查项目。","产检,产前检查时间表,产前检查项目及费用,第一次产检","产前检查项目及费用，孕妇产检，产前检查时间表",560
59,3,1,50,"胎教","{cmspath}/huaiyun/taijiao","胎教的重要性是不言而喻的。妈妈网教你如何胎教，在胎教的过程中可以通过一些胎教音乐、胎教故事、胎教儿歌等来对胎儿的听觉进行训练。需要注意的是，胎教的实施要遵循胎儿生理和心理发展的规律，不能随意进行。","如何胎教,胎教音乐,胎教故事,胎教儿歌","如何胎教，胎教音乐，胎教故事",559
58,3,1,50,"准爸学堂","{cmspath}/huaiyun/zhunba","孕妇怀孕期间，准爸的作用也是很大的哦，妈妈网教你如何做一个负责任、细心的准爸。让孕妇保持愉悦的心情，把快乐和健康传递给宝宝，并对宝宝进行胎教，让宝宝做个聪明的小孩。","准爸学堂,准爸注意事项,准爸胎教,孕期准爸应该做什么","准爸注意事项，准爸胎教，孕期准爸应该做什么",558
57,3,1,50,"时尚孕妈","{cmspath}/huaiyun/yunma","孕妇也可以很时尚，妈妈网教你如何做一个时尚孕妈。要做“时尚孕妈妈”，孕妇应该进行适当的运动，如慢跑、游泳，此外孕妇可以拍时尚孕妈妈照，把快乐和健康传递给宝宝。","时尚孕妈,时尚孕味,时尚孕妈妈照,美丽孕期","时尚孕味，时尚孕妈妈照，美丽孕期",557
42,6,6,50,"妈宝美图","{cmspath}/pics/mabao","","","",542
55,3,1,50,"怀孕须知","{cmspath}/huaiyun/xuzhi","怀孕是有很大的学问的，妈妈网提醒孕妇，了解相关的怀孕知识，包括怀孕须知事项、怀孕初期症状、怀孕的征兆等怀孕常识，有助于帮孕妇安全度过怀孕期，从而更好地优生优育。","怀孕须知,怀孕知识,孕妇知识,怀孕常识","孕妇知识，怀孕常识，孕妇须知",555
56,3,1,50,"孕期生活","{cmspath}/huaiyun/shenghuo","孕期夫妻生活也是有讲究的，孕期生活注意事项有很多，尤其要注意孕期性生活。妈妈网告诉你，孕期性生活只要掌握分寸，是不会有问题的。适当的性生活不但能增进夫妻感情，还可以促进胎儿的生长发育。","孕期生活,孕期性生活,孕期夫妻生活,孕期生活注意事项","孕期性生活，孕期夫妻生活，孕期生活注意事项",556
61,4,1,50,"产前准备","{cmspath}/fenmian/zhunbei","孕妇做好产前准备很重要。妈妈网提醒，孕妇应了解产前需要准备什么，并做好产前准备清单。孕妇产前准备既可以减轻产前焦虑,又可以使分娩更加顺利。","产前准备清单,孕妇产前准备,产前需要准备什么,最全的产前准备清单","孕妇产前准备，产前需要准备什么，产前需要准备哪些东西",561
62,4,1,50,"分娩方式","{cmspath}/fenmian/fangshi","分娩方式有自然分娩、剖腹分娩、无痛分娩、水中分娩。妈妈网提醒，产妇分娩方式与其孕晚期饮食中锌的含量有关，每天摄锌越多，其正常分娩的机会越大。","分娩方式,水中分娩,自然分娩,正常分娩","水中分娩，自然分娩，正常分娩",562
43,6,6,50,"明星八卦","{cmspath}/pics/mxbg","","","",543
44,6,6,50,"社会万象","{cmspath}/pics/shwx","","","",544
45,6,6,50,"爆笑图集","{cmspath}/pics/bxtj","","","",545
46,6,6,50,"明星大片","{cmspath}/pics/mxdp","","","",546
47,6,6,50,"街拍","{cmspath}/pics/jiepai","","","",547
48,6,6,50,"服饰搭配","{cmspath}/pics/dapei","","","",548
49,6,6,50,"靓丽装扮","{cmspath}/pics/llzb","","","",549
65,4,1,50,"生产记","{cmspath}/fenmian/shchj","许多妈妈在分娩之后，都会写下生产记，来记录自己分娩当天的心情及生产过程。妈妈网提醒，孕妈妈在产前可以参考一些孕妇生产记，在宝宝出生前就做好各种准备。","生产记,妈妈生产记,孕妇生产记","妈妈生产记，孕妇生产记",565
66,5,1,50,"催乳护乳","{cmspath}/yuezi/crhr","母乳喂养过程中懂得如何催乳护乳是很重要的，妈妈网提醒，常见的催乳方法有按摩催乳法，通过专业的催乳按摩手法，刺激母乳量的分泌。此外催乳食谱也是催乳的好方法，如催乳汤、白水煮猪蹄和猪尾巴等催乳食物。","催乳护乳,催乳食谱,催乳按摩手法,催乳汤","催奶的方法，催奶食谱，催乳食谱",566
67,5,1,50,"产后检查","{cmspath}/yuezi/chhjch","产后检查非常重要，能及时发现新妈妈的多种疾病。妈妈网提醒，产后检查项目包括体重、血压、子宫和妇科、乳房，等等。产后42天，除了妈咪要检查外，宝宝也要进行检查。","产后检查,产后42天检查什么,产后检查有哪些项目,产后检查挂什么科","产后42天检查什么项目，产后检查有哪些项目，产后检查挂什么科",567
68,5,1,50,"月子禁忌","{cmspath}/yuezi/jinji","坐月子期间产妇很多行为或者生活方式有很多禁忌，妈妈网提醒，坐月子要注意不要对着空调和风扇吹风，尽量不要洗头；此外还有一些坐月子的饮食禁忌，如禁食寒凉、辛辣，不宜大补等等。","月子禁忌,坐月子禁忌,剖腹产坐月子禁忌,产妇月子禁忌","月子禁忌，剖腹产坐月子禁忌，产妇月子禁忌",568
69,5,1,50,"月子病","{cmspath}/yuezi/yuezibing","产后的疾患在月子里没有治愈而留下的病症就是月子病，妈妈网提醒，月子期间稍不注意都能引起月子病，月子病的症状主要有疼痛、酸胀、怕风、怕冷、不耐劳累，等等。月子病要抓紧时间治疗，不能拖延。","月子病怎么治,什么是月子病,月子病的症状,月子病有哪些","月子病怎么治，什么是月子病，月子病的症状",569
70,5,1,50,"月嫂保姆","{cmspath}/yuezi/baomu","月嫂保姆很重要，月嫂的职责不仅包括新生儿的喂养呵护、洗澡、换尿布等，还要为产妇准备营养的饮食等。妈妈网提醒，在雇用月嫂前，产妇和家属应该把服务范围咨询清楚，避免雇佣后发生矛盾甚至争执。","月嫂保姆,月嫂的职责,住家保姆","月嫂的职责，住家保姆，月嫂是什么",570
71,5,1,50,"产后饮食","{cmspath}/yuezi/chhys","月子饮食是产妇的产后饮食食谱，妈妈网提醒，准妈妈要注意产后饮食，尤其是剖腹产后的饮食，月子里要比平时多吃一些蛋白质，如鸡、鱼、瘦肉、动物肝等；适量饮用牛奶、豆类也是新妈咪必不可少的补养佳品。","剖腹产后饮食,产后饮食食谱,剖腹产后饮食注意,剖腹产后饮食禁忌","剖腹产后饮食，产后吃什么好，产后食谱",571
72,5,1,50,"产后生活","{cmspath}/yuezi/shenghuo","产后生活准妈妈一定要注意自己身体的恢复。妈妈网提醒，产后大约历史6~8周，不适于过性生活。无论是顺产还是剖腹产，经产后检查确定已恢复健康后方可恢复性生活。","产后生活,产后性生活,剖腹产后性生活,产后多长时间可以性生活","剖腹产后性生活，产后夫妻生活，产后多长时间可以性生活",572
73,27,1,50,"母乳喂养","{cmspath}/xinsheng/mrwy","母乳喂养是指用母亲的奶水喂养新生儿的方式。妈妈网提醒，新生儿母乳喂养发展更为健康。母乳喂养有一些注意事项，如母乳喂养时间忌过长、母乳喂养姿势要正确、忌生气时哺乳，等等。","新生儿母乳喂养大本营,新生儿母乳喂养注意事项,新生儿母乳喂养,新生儿母乳喂养时间","新生儿母乳喂养大本营，新生儿母乳喂养注意事项，新生儿母乳喂养的好处",573
74,27,1,50,"发育指标","{cmspath}/xinsheng/fyzhb","了解新生儿发育指标，有助于宝宝健康成长。妈妈网提醒，每个个体有差异，家长们可根据新生儿生长的一般规律进行粗略的估计。新生儿生长发育标准包括体重、身长、头围、胸围、皮肤、呼吸，等等方面。","新生儿发育标准,新生儿生长发育标准,新生儿发育过程","新生儿发育标准，新生儿生长发育标准，新生儿发育过程",574
75,27,1,50,"成长护理","{cmspath}/xinsheng/chzhl","新生儿护理护理必须细心、科学、合理。妈妈网提醒，家长们必须学习新生儿护理知识，包括新生儿肚脐护理、新生儿脐带护理、鼻子和耳朵的护理、眼睛的护理，等等。","新生儿护理,新生儿肚脐护理,新生儿护理知识,新生儿脐带护理","新生儿肚脐护理，新生儿护理知识，新生儿脐带护理",575
76,27,1,50,"早产儿","{cmspath}/xinsheng/zaochan","早产儿器官功能和适应能力比足月儿差，因此家长们应给予早产儿特殊护理。妈妈网提醒，早产儿喂养以母乳最为相宜，在母乳不足的情况下，也可考虑用早产儿配方奶人工喂养。","早产儿的护理,早产儿智力,早产儿喂养,早产儿奶粉","早产儿的护理，早产儿智力，早产儿喂养",576
77,27,1,50,"潜能开发","{cmspath}/xinsheng/qianneng","宝宝的每一个阶段都需要潜能开发。妈妈网提醒，开发宝宝右脑潜能，家长可以和孩子做一些游戏提高孩子的兴趣，培养新生儿能力。儿童潜能开发，符合孩子身心发展规律的教育是最适当的。","新生儿潜能开发右脑潜能开发,儿童潜能开发,新生儿能力","右脑潜能开发，初生儿潜能开发，新生儿能力",577
78,27,1,50,"疫苗接种","{cmspath}/xinsheng/yimiao","宝宝要健康成长，离不开适时接种疫苗。常见的新生儿疫苗接种包括麻疹疫苗、卡介苗、乙脑疫苗、肺炎疫苗等等。妈妈网提醒，监护人应根据疫苗接种时间表，及时带新生儿参加疫苗接种。","新生儿疫苗接种,新生儿疫苗接种时间表,新生儿肺炎疫苗接种,新生儿疫苗接种注意事项","新生儿疫苗接种时间表，新生儿肺炎疫苗接种，新生儿疫苗接种注意事项",578
79,27,1,50,"疾病与用药","{cmspath}/xinsheng/jbyy","每个出生的宝宝都要参加新生儿疾病筛查，目前苯丙酮尿症和先天性甲状腺功能低下这两项新生儿筛查项目比较普及。妈妈网提醒，家长们一定要认真对待新生儿疾病筛查结果，及早发现问题并及时治疗，使其健康成长。","疾病与用药,新生儿疾病筛查结果,新生儿疾病筛查项目,新生儿用药","新生儿疾病筛查结果，新生儿疾病筛查项目，新生儿用药",579
80,28,1,50,"母乳喂养","{cmspath}/yinger/mrwy","母乳喂养是最好的婴儿喂养方式。妈妈网提醒，婴儿母乳喂养发展更为健康。母乳喂养有一些注意事项，如母乳喂养时间忌过长、母乳喂养姿势要正确、忌生气时哺乳，等等。","婴儿母乳喂养,婴儿母乳喂养时间,婴儿母乳喂养知识,婴儿母乳喂养姿势","婴儿母乳喂养时间，婴儿母乳喂养知识，婴儿母乳喂养姿势",580
81,28,1,50,"成长发育","{cmspath}/yinger/chzhfy","婴儿的成长发育是每个家长都关心的问题。妈妈网提醒，婴儿成长标准不能一概而论，家长们可根据婴儿生长的一般规律进行粗略的估计。婴儿发育指标包括体重、身长、头围、胸围、皮肤、呼吸，等等方面。","婴儿发育标准,婴儿发育指标,婴儿成长标准,婴儿发育过程","婴儿发育指标，婴儿成长标准，婴儿发育过程",581
82,28,1,50,"保健护理","{cmspath}/yinger/baojian","婴儿的保健护理必须细心、科学、合理。妈妈网提醒，家长们必须学习新生婴儿护理知识，包括婴儿脐带护理、鼻子和耳朵的护理、眼睛的护理，等等婴儿护理知识。","初生婴儿护理,新生婴儿护理,婴儿护理知识,婴儿脐带护理","新生婴儿护理，婴儿护理知识，婴儿脐带护理",582
83,28,1,50,"疫苗接种","{cmspath}/yinger/yimiao","宝宝要健康成长，离不开适时接种疫苗。常见的婴儿疫苗接种包括麻疹疫苗、卡介苗、乙脑疫苗、肺炎疫苗等等。妈妈网提醒，监护人应根据婴儿疫苗接种时间表，及时带婴儿参加疫苗接种。","婴儿疫苗接种,婴儿疫苗接种时间表,婴儿接种疫苗,婴儿打疫苗注意事项","婴儿疫苗接种时间表，婴儿接种疫苗，婴儿打疫苗注意事项",583
84,28,1,50,"疾病与用药","{cmspath}/yinger/jibingyy","婴儿疾病与用药的相关知识很重要，婴儿常见疾病主要包括生理性黄疸、便秘、吐奶、腹泻、脐炎、湿疹等等。妈妈网提醒，父母需了解给宝宝吃药的正确剂量和方法，确保婴儿用药的安全。","婴儿常见疾病,婴儿用药,婴儿疾病与用药","婴儿常见疾病，婴儿用药，婴儿湿疹用药",584
85,28,1,50,"能力培养","{cmspath}/yinger/nlpy","宝宝的能力培养应该从婴儿时期开始，婴儿能力培养包括婴儿认知能力、婴儿学习能力、婴儿性格培养等方面的内容。妈妈网提醒，父母要帮助和引导婴儿行为和能力的培养，让宝宝更聪明健康。","婴儿能力培养,婴儿认知能力,婴儿学习能力,婴儿性格培养","婴儿认知能力，婴儿学习能力，婴儿性格培养",585
86,28,1,50,"游戏玩具","{cmspath}/yinger/yxwj","游戏玩具是婴儿认识世界的开始，婴儿游戏玩具会让宝宝受益终身。妈妈网提醒，家长应多陪伴婴儿做亲子游戏，并添置一些适合的婴儿早教玩具，如小铃铛、发光玩具、挤压会发出声音的动物模型。","婴儿游戏玩具,婴儿游戏,幼儿亲子游戏,婴儿早教玩具","婴儿游戏，幼儿亲子游戏，婴儿早教玩具",586
87,28,1,50,"育儿日记","{cmspath}/yinger/riji","许多妈妈都有每天写育儿日记的习惯，通过育儿日志来记录自己育儿的育儿心情和育儿心得。妈妈网提醒，除了记录自己宝宝的成长故事，妈妈们还可以通过阅读其他妈妈的宝宝故事，互相探讨学习育儿的心得。","育儿日记,宝宝日记,育儿日志","宝宝日记，育儿日志",587
88,28,1,51,"1-3个月","{cmspath}/yinger/1-3yue","了解婴儿发育指标，有助婴儿的健康成长。妈妈网提醒，婴儿发育标准只是个参考，每个婴儿的生长发育情况不一样，家长们可根据婴儿生长的一般规律进行粗略的估计。婴儿生长发育标准包括体重、身长、头围、胸围、皮肤、呼吸，等等方面。","三个月的宝宝发育标准,两个月的宝宝,一个月的宝宝,2个月宝宝睡眠时间","两个月的宝宝，一个月的宝宝，2个月宝宝睡眠时间",588
89,28,1,52,"4-6个月","{cmspath}/yinger/4-6yue","辅食是母乳、奶粉喂养的补充，提供婴儿发育所需的完整均衡的营养。妈妈网提醒，大约四个月开始就可以给婴儿添加辅食了，辅食包括米粉、泥湖状食品以及其他的一些家制食品。","四个月宝宝辅食,五个月宝宝辅食,六个月宝宝辅食,6个月宝宝发育指标","五个月宝宝辅食，六个月宝宝辅食，6个月宝宝发育指标",589
90,29,1,50,"成长发育","{cmspath}/yuer/chzhfy","幼儿的成长发育是每个家长都关心的问题。妈妈网提醒，幼儿生长发育标准只是一个参考，家长们可根据幼儿生长的一般规律进行粗略的估计。幼儿发育指标主要包括体重、身长、头围、胸围，等等。","幼儿成长发育,幼儿发育指标,幼儿生长发育标准,幼儿发育标准","幼儿发育指标，幼儿生长发育标准，幼儿发育标准",590
91,29,1,50,"保健护理","{cmspath}/yuer/bjhl","幼儿保健护理必须细心、科学、合理。妈妈网提醒，一个称职的家长必须懂得幼儿保健小常识，家长需要学习的幼儿保健护理知识有很多，包括幼儿鼻子和耳朵的护理、眼睛的护理，等等。","幼儿保健护理,春季幼儿保健知识,幼儿护理,幼儿保健小常识","春季幼儿保健知识，幼儿护理，幼儿保健小常识",591
92,29,1,50,"安全防护","{cmspath}/yuer/aqfh","宝宝安全防护应该从幼儿时期开始，妈妈网提醒，幼儿安全防护包括父母和宝宝2个方面，父母除了做好宝宝的安全防范工作，还要教会宝宝一些幼儿安全知识，如不攀爬、不追逐打闹、小心火灾等等幼儿安全小常识。","幼儿安全防护,幼儿安全小常识,幼儿安全知识","幼儿安全小常识，幼儿安全知识",592
93,29,1,50,"语言表达","{cmspath}/yuer/yybd","幼儿语言表达要从小开始培养，作为家长必须抓好幼儿语言教育。妈妈网提醒，家长可通过一些幼儿语言游戏来进行幼儿的语言训练，鼓励幼儿积极地用语言交流。","幼儿语言表达,幼儿语言教育,幼儿语言游戏,幼儿语言训练","幼儿语言教育，幼儿语言游戏，幼儿语言训练",593
94,29,1,50,"智力发展","{cmspath}/yuer/zhili","婴幼儿时期是大脑迅速发育的关键时期，婴幼儿智力开发是非常重要的。妈妈网提醒， 1―3岁是宝宝口语和音乐能力发展的关键期，父母可以与宝宝一起欣赏歌曲、童话故事等，促进儿童智力开发。","幼儿智力开发,婴儿智力开发,宝宝智力开发,儿童智力开发","婴儿智力开发，宝宝智力开发，儿童智力开发",594
95,29,1,50,"行为心理性格","{cmspath}/yuer/xingge","幼儿行为心理性格应该从小开始培养，包括幼儿行为习惯、幼儿心理教育、幼儿性格等方面。妈妈网提醒，作为父母有责任正确培养孩子的行为心理性格健康，图书、动画、玩具、音乐、亲子活动……都是可以有效借助的工具。","幼儿行为心理性格,幼儿行为习惯，幼儿心理教育，幼儿性格特点","幼儿行为规范，幼儿心理教育，幼儿性格特点",595
96,29,1,50,"能力培养","{cmspath}/yuer/nlpy","幼儿的能力培养应该从小抓起，包括幼儿常规培养、幼儿习惯培养、幼儿性格培养等方面。妈妈网提醒，家长应为幼儿创设良好的生活环境，培养幼儿的良好习惯和良好性格，利用游戏活动培养幼儿能力。","幼儿能力培养,幼儿常规培养,幼儿习惯培养,幼儿性格培养","幼儿常规培养，幼儿习惯培养，幼儿性格培养",596
97,29,1,50,"才艺培养","{cmspath}/yuer/caiyipeiyang","幼儿才艺培养应该从小抓起，幼儿才艺表演包括唱歌、小提琴、绘画、舞蹈等方面。妈妈网提醒，才艺培养是有一定的阶段性的，在最适合的年龄给予宝宝最好的培养，可以获得事半功倍的效果。","幼儿才艺培养,幼儿才艺表演,儿童才艺培养,少儿才艺培养","幼儿才艺表演，儿童才艺培养，少儿才艺培养",597
98,29,1,50,"游戏玩具","{cmspath}/yuer/yxwj","游戏玩具是开发幼儿智力的好帮手，包括幼儿玩具和亲子互动游戏。妈妈网提醒，最好的亲子教育，莫过于和宝宝一起玩丰富多彩的亲子游戏了，1-3岁宝宝的亲子游戏有很多，如积木排火车、配对、学跑、数手指，等等。","游戏玩具,亲子互动游戏,幼儿玩具,0-3岁亲子游戏","亲子互动游戏，幼儿玩具，0-3岁亲子游戏",598
99,29,1,50,"入园入托","{cmspath}/yuer/rutuo","幼儿入园入托指送幼儿入托儿所委托育养。妈妈网提醒，在送幼儿入托儿所前，家长应该做一些准备，如了解幼儿入托体检项目、幼儿园入园申请等幼儿入园须知事项，帮助幼儿顺利入托入园。","幼儿入园入托,幼儿入园须知,幼儿入托体检项目,幼儿园入园申请","幼儿园入园须知，幼儿入托体检项目，幼儿园入园申请",599
100,29,1,50,"营养饮食","{cmspath}/yuer/yyysh","幼儿要有健康、强壮的体魄需要一份健康的幼儿营养食谱。妈妈网提醒，家长应重视幼儿饮食，合理安排幼儿营养菜谱和幼儿营养早餐，满足宝宝日常生活的营养需求，以达到营养平衡。","幼儿营养食谱,幼儿饮食,幼儿营养菜谱,幼儿营养早餐","幼儿饮食，幼儿营养菜谱，幼儿营养早餐",600
101,30,1,50,"成长发育","{cmspath}/xueqian/chzhfy","宝宝的成长发育是每个家长都关心的问题。妈妈网提醒，宝宝生长发育标准只是一个参考，家长们可根据宝宝生长的一般规律进行粗略的估计。儿童发育指标主要包括体重、身长、头围、胸围，等等。","宝宝成长过程,宝宝成长发育指标,宝宝发育标准,儿童生长发育标准","宝宝成长发育指标，宝宝发育标准，儿童生长发育标准",601
102,30,1,50,"保健护理","{cmspath}/xueqian/bjhl","儿童保健护理必须细心、科学、合理。妈妈网提醒，一个称职的家长必须懂得儿童保健知识，家长需要学习的儿童保健护理知识有很多，包括儿童鼻子和耳朵的护理、眼睛的护理，等等。","儿童保健护理,儿童保健知识,宝宝护理,宝宝保健","儿童保健知识，宝宝护理，宝宝保健",602
103,30,1,50,"安全防护","{cmspath}/xueqian/anquan","教会孩子安全防护，才是避免孩子被伤害的最有效办法。妈妈网提醒，为了保证孩子的身心健康和安全，使孩子顺利成长，做为家长应积极配合幼儿园对儿童进行安全教育。","儿童安全防护,儿童安全教育,儿童安全知识,儿童安全常识","儿童安全知识，儿童安全常识，儿童安全防护",603
104,30,1,50,"疫苗接种","{cmspath}/xueqian/yimiao","儿童疫苗接种是保护宝宝远离传染性疾病的最好方式。常见的儿童接种疫苗包括百白破疫苗、脊灰疫苗、流脑疫苗、乙脑减毒疫苗等等。妈妈网提醒，监护人应根据宝宝疫苗接种时间表，及时带儿童参加疫苗接种。","儿童疫苗接种,宝宝疫苗接种时间表,儿童接种疫苗,儿童疫苗接种攻略","宝宝疫苗接种时间表，儿童接种疫苗，儿童疫苗接种攻略",604
105,30,1,50,"疾病与用药","{cmspath}/xueqian/jibing","儿童用药应慎重选择，不可滥用，必须在医师或药师指导下使用。妈妈网提醒，家长们应做好儿童疾病预防工作，发现孩子有症状出现应及时就医，切勿自行用药延误病情。","儿童疾病与用药,儿童常见疾病,儿童用药,儿童疾病预防","儿童常见疾病，儿童用药，儿童疾病预防",605
106,30,1,50,"行为心理性格","{cmspath}/xueqian/xlxg","儿童时期是培养儿童行为心理性格的黄金时期。妈妈网提醒，父母的教养态度和教育方法直接地影响孩子的行为习惯、心理健康和性格培养，父母一定要注意在日常生活中用正常的心理原则来养育孩子。","儿童行为心理性格,儿童行为习惯,儿童心理健康,儿童性格培养","儿童行为习惯，儿童心理教育，儿童性格培养",606
107,30,1,50,"家庭教育","{cmspath}/xueqian/jtjy","家庭教育是对孩子的一生影响最深的一种教育，因此正确的家庭教育方法显得十分重要。妈妈网提醒，无论是学前儿童家庭教育、还是小学生家庭教育，家长都必须重视起来，培养孩子良好的道德品质和行为习惯，教会孩子如何做人。","学前儿童家庭教育,小学生家庭教育,幼儿家庭教育,家庭教育方法","小学生家庭教育，幼儿家庭教育，家庭教育方法",607
108,30,1,50,"学校教育","{cmspath}/xueqian/xxjy","学校教育是个人一生中所受教育最重要的组成部分。儿童学校教育主要是为小学阶段的教育作好准备。妈妈网提醒，家长一定要与学校教育保持一致和统一，自觉地做好孩子的教育工作。","儿童学校教育,宝宝学校教育,儿童教育方法,宝宝教育","宝宝学校教育，儿童教育方法，宝宝教育",608
109,30,1,50,"能力培养","{cmspath}/xueqian/nlpy","儿童能力培养对儿童的成长有重要意义。妈妈网提醒，儿童的能力培养要从小抓起，包括儿童情商培养、儿童动手能力、儿童学习能力等方面。家长要用科学的方法提升孩子的情商、动手能力和学习能力。","儿童能力培养,儿童情商培养,儿童动手能力,儿童学习能力","儿童情商培养，儿童动手能力，儿童学习能力",609
110,30,1,50,"才艺培养","{cmspath}/xueqian/cypy","儿童才艺培养应该从小抓起，儿童才艺表演包括唱歌、小提琴、绘画、舞蹈等方面。妈妈网提醒，才艺培养是有一定的阶段性的，在最适合的年龄给予宝宝最好的培养，可以获得事半功倍的效果。","儿童才艺培养,儿童才艺表演,少儿才艺培养,儿童才艺展示","儿童才艺表演，少儿才艺培养，儿童才艺展示",610
111,30,1,50,"游戏玩具","{cmspath}/xueqian/yxwj","有趣的游戏玩具，是让孩子在游戏玩具之中学习的好开端。妈妈网提醒，除了让孩子在玩具中学习，亲子游戏也是必不可少的，亲子游戏的方式有很多，比如像一块搭积木、猜谜语、玩过家家等。","儿童游戏玩具,学前儿童游戏,亲子互动游戏,儿童玩具","学前儿童游戏，亲子互动游戏，儿童玩具",611
112,0,0,50,"菜谱大全","{cmspath}/caipu","菜谱大全频道提供各种精选菜谱和食谱家常菜做法，以及粤菜、浙菜、湘菜等菜系，家常菜、私家菜、凉菜等菜品，健康食谱、美容食谱、减肥食谱等美食食谱。","菜谱,食谱,家常菜谱,美食菜谱,最新菜谱,家常菜谱,家常菜做法,家常菜谱做法大全","菜谱大全精选菜谱,美食菜谱,家常菜谱做法,家常菜谱做法大全",612
113,0,0,50,"育儿标签","/z/","","","",613
114,3,1,50,"孕期注意事项","{cmspath}/huaiyun/shixiang","孕期注意事项频道给您介绍孕期饮食注意事项,孕期前三月注意事项,孕妇孕期注意事项,孕期应注意什么,孕期的注意事项,孕期同房注意事项,孕期性生活注意事项,孕期注意,怀孕一般做几次b超,孕期饮食注意。","孕期注意事项,孕期前三月注意事项,孕期应注意什么,孕期性生活注意事项","孕期前三月注意事项,孕期应注意什么,孕期性生活注意事项",614
115,0,0,50,"亲子宝典","{cmspath}/baodian","PCbaby亲子宝典频道，提供全面的生活百科和疾病百科资讯。PCbaby亲子网，让新手爸爸妈妈学会育儿！","亲子宝典,育儿宝典,怀孕宝典,育儿百科,怀孕百科","育儿宝典,怀孕宝典,育儿百科,怀孕百科",615
116,115,115,50,"怀孕百科","{cmspath}/baodian/huaiyun","","","",616
117,115,115,50,"育儿百科","{cmspath}/baodian/yuer","","","",617
118,115,115,50,"营养美食百科","{cmspath}/baodian/meishi","","","",618
119,115,115,50,"早教百科","{cmspath}/baodian/zaojiao","","","",619
120,115,115,50,"保健百科","{cmspath}/baodian/baojian","","","",620
121,115,115,50,"生活用品百科","{cmspath}/baodian/shenghuo","","","",621
122,0,0,50,"焦点关注","{cmspath}/jdgz","","","",622
123,2,1,50,"避孕流产","{cmspath}/beiyun/bylc","避孕方法包括什么是避孕？避孕方法有哪些？如何选择最佳的避孕方式？避孕常见的误区？避孕失败我们如何选择无痛人流时间，以及人工流产后注意事项都有哪些？","避孕方法,人工流产,人工流产后注意事项,无痛人流时间","避孕方法|人工流产|人工流产后注意事项|无痛人流时间",623
124,3,1,50,"孕期心理","{cmspath}/huaiyun/xinli","","","",624
125,5,1,50,"产后抑郁症","{cmspath}/yuezi/chyy","","","",625
126,0,0,50,"宝宝起名","{cmspath}/qiming","关注宝宝起名,宝宝起名大全,免费起名,周易起名,起名软件,兔年宝宝起名大全等热点话题。如果你也关注宝宝起名,宝宝起名大全,免费起名,周易起名,起名软件,兔年宝宝起名大全，请关注起名频道。","宝宝取名,宝宝起名大全,免费起名,周易起名,八字起名,男孩名字大全,女孩名字大全,小名乳名大全,好听的英文名","好听的男孩,女孩,宝宝英文名,小名,乳名,周易,八字起名",626
127,126,126,50,"生肖宝宝取名","{cmspath}/qiming/shengxiao","宝宝取名大全,宝宝取名,宝宝取名大全,宝宝取名,宝宝取名禁忌","宝宝取名大全,宝宝取名,宝宝取名大全,宝宝取名,宝宝取名禁忌","宝宝取名大全_宝宝取名_宝宝取名大全_宝宝取名_宝宝取名禁忌",627
128,126,126,50,"宝宝起名大全","{cmspath}/qiming/daquan","宝宝起名大全栏目主要关注男宝宝起名大全,蛇宝宝起名大全,马年宝宝起名大全,2013宝宝起名大全,宝宝取名大全,婴儿起名大全,龙年宝宝起名大全等热点话题。如果你也关注男宝宝起名大全,蛇宝宝起名大全,马年宝宝起名大全,2013宝宝起名大全,宝宝取名大全,婴儿起名大全,龙年宝宝起名大全，请关注宝宝起名大全","男宝宝起名大全,蛇宝宝起名大全,马年宝宝起名大全,2013宝宝起名大全,宝宝取名大全","男宝宝起名大全,蛇宝宝起名大全,马年宝宝起名大全,2013宝宝起名大全,宝宝取名大全,婴儿起名大全,龙年宝宝起名大全",628
129,126,126,50,"免费起名","{cmspath}/qiming/mianfei","免费起名栏目主要关注免费起名测名,周易免费起名,免费起名打分,宝宝免费起名,婴儿免费起名,免费起名网,免费起名软件等热点话题。如果你也关注免费起名测名,周易免费起名,免费起名打分,宝宝免费起名,婴儿免费起名,免费起名网,免费起名软件，请关注免费起名栏目。","免费起名测名,周易免费起名,免费起名打分,宝宝免费起名,婴儿免费起名","免费起名测名,周易免费起名,免费起名打分,宝宝免费起名,婴儿免费起名,免费起名网,免费起名软件",629
130,126,126,50,"周易起名","{cmspath}/qiming/zhouyi","周易起名栏目主要关注周易免费起名,周易取名,周易起名打分,周易起名测名,周易起名大全,周易起名软件,周易起名网等热点话题。如果你也关注周易免费起名,周易取名,周易起名打分,周易起名测名,周易起名大全,周易起名软件,周易起名网，请关注周易起名栏目。","周易免费起名,周易取名,周易起名打分,周易起名测名,周易起名大全","周易免费起名_周易取名_周易起名打分_周易起名测名_周易起名大全_周易起名软件_周易起名网",630
131,126,126,50,"八字起名","{cmspath}/qiming/bazi","八字起名栏目主要关注生辰八字起名,免费生辰八字起名,免费八字起名,测八字起名,八字起名打分,宝宝生辰八字起名,五行八字起名,时辰八字起名等热点话题。如果你也关注生辰八字起名,免费生辰八字起名,免费八字起名,测八字起名,八字起名打分,宝宝生辰八字起名,五行八字起名,时辰八字起名，请关注八字起名栏目。","生辰八字起名,免费生辰八字起名,免费八字起名,测八字起名,八字起名打分","生辰八字起名_免费生辰八字起名_免费八字起名_测八字起名_八字起名打分_宝宝生辰八字起名_五行八字起名_时辰八字起名",631
132,126,126,50,"男孩名字大全","{cmspath}/qiming/boy","男孩名字大全栏目主要关注好听的男孩名字大全,男孩名字大全2013,起名字大全男孩,取名字大全男孩,男孩子姓名大全,王姓男孩名字大全等热点话题。如果你也关注好听的男孩名字大全,男孩名字大全2013,起名字大全男孩,取名字大全男孩,男孩子姓名大全,王姓男孩名字大全，请关注男孩名字大全栏目。","好听的男孩名字大全,男孩名字大全2013,起名字大全男孩,取名字大全男孩,男孩子姓名大全","好听的男孩名字大全_男孩名字大全2013_起名字大全男孩_取名字大全男孩_男孩子姓名大全_王姓男孩名字大全",632
133,126,126,50,"女孩名字大全","{cmspath}/qiming/girl","女孩名字大全栏目主要关注兔年女孩名字大全,王姓女孩名字大全,2011女孩名字大全,男孩女孩名字大全,好听的女孩名字大全,孩子英文名字大全等热点话题。如果你也关注兔年女孩名字大全,王姓女孩名字大全,2011女孩名字大全,男孩女孩名字大全,好听的女孩名字大全,孩子英文名字大全，请关注女孩名字大全栏目。","兔年女孩名字大全,王姓女孩名字大全,2011女孩名字大全,男孩女孩名字大全,好听的女孩名字大全","兔年女孩名字大全_王姓女孩名字大全_2011女孩名字大全_男孩女孩名字大全_好听的女孩名字大全_孩子英文名字大全",633
134,126,126,50,"小名乳名大全","{cmspath}/qiming/xiaoming","周易起名栏目主要关注小名大全,宝宝小名大全,女孩小名大全,乳名大全,宝宝乳名大全,女孩乳名大全,蛇宝宝小名大全,男宝宝小名大全等热点话题。如果你也关注小名大全,宝宝小名大全,女孩小名大全,乳名大全,宝宝乳名大全,女孩乳名大全,蛇宝宝小名大全,男宝宝小名大全，请关注周易起名栏目。","小名大全,宝宝小名大全,女孩小名大全,乳名大全,宝宝乳名大全","小名大全_宝宝小名大全_女孩小名大全_乳名大全_宝宝乳名大全_女孩乳名大全_蛇宝宝小名大全_男宝宝小名大全",634
135,126,126,50,"好听的英文名","{cmspath}/qiming/ename","好听的英文名栏目主要关注好听的英文名字,好听的英文名字女,好听的英文名字男,最好听的英文名字,好听的女英文名等热点话题。如果你也关注好听的英文名字,好听的英文名字女,好听的英文名字男,最好听的英文名字,好听的女英文名，请关注好听的英文名栏目。","好听的英文名字,好听的英文名字女,好听的英文名字男,最好听的英文名字,好听的女英文名","好听的英文名字_好听的英文名字女_好听的英文名字男_最好听的英文名字_好听的女英文名",635
136,127,126,50,"马宝宝取名","{cmspath}/qiming/shengxiao/ma","马宝宝取名栏目主要关注2014马宝宝取名大全,2014年马宝宝取名,马宝宝取名大全,2014王姓马宝宝取名,给马宝宝取名,马宝宝取名禁忌,马宝宝起名等热点话题。如果你也关注2014马宝宝取名大全,2014年马宝宝取名,马宝宝取名大全,2014王姓马宝宝取名,给马宝宝取名,马宝宝取名禁忌,马宝宝起名，","2014马宝宝取名大全,2014年马宝宝取名,马宝宝取名大全,2014王姓马宝宝取名,给马宝宝取名","2014马宝宝取名大全_2014年马宝宝取名_马宝宝取名大全_2014王姓马宝宝取名_给马宝宝取名_马宝宝取名禁忌_马宝宝起名",636
137,29,1,50,"早教知识","{cmspath}/yuer/zaojiao","","","",637
138,29,1,50,"宝宝体检","{cmspath}/yuer/tijian","","","",638
139,29,1,50,"儿科疾病","{cmspath}/yuer/jibing","","","",639
140,139,1,50,"新生儿疾病","{cmspath}/yuer/jibing/xinshenger","","","",640
141,139,1,50,"小儿内科","{cmspath}/yuer/jibing/neike","","","",641
142,139,1,50,"小儿外科","{cmspath}/yuer/jibing/waike","","","",642
143,139,1,50,"小儿妇科","{cmspath}/yuer/jibing/fuke","","","",643
144,139,1,50,"小儿传染病","{cmspath}/yuer/jibing/chuanranbing","","","",644
145,139,1,50,"小儿皮肤病","{cmspath}/yuer/jibing/pifuke","","","",645
146,139,1,50,"五官科","{cmspath}/yuer/jibing/wuguanke","","","",646
147,139,1,50,"小儿中医","{cmspath}/yuer/jibing/zhongyi","","","",647
148,139,1,50,"小儿心理","{cmspath}/yuer/jibing/xinli","","","",648
149,139,1,50,"危急重症与急救","{cmspath}/yuer/jibing/jijiu","","","",649
150,0,0,50,"童话故事寓言","{cmspath}/tonghua","【童话故事大全】为您提供精彩丰富的儿童故事,包括安徒生童话,格林童话,成语故事,伊索寓言,睡前故事等中外著名童话故事,更多精彩童话寓言故事尽在童话故事大全。","童话故事大全,儿童故事,安徒生童话大全,寓言故事大全,童话故事,寓言故事","童话故事大全_儿童故事_安徒生童话大全_寓言故事大全",650
151,0,0,50,"十万个为什么","{cmspath}/weishenme","","","",651
152,150,150,50,"童话故事","{cmspath}/tonghua/tonghua","","","",652
231,151,151,50,"健康的生活","{cmspath}/weishenme/jiankangdeshenghuo","","","",731
230,151,151,50,"中外历史","{cmspath}/weishenme/zhongwailishi","","","",730
229,151,151,50,"体育与国家","{cmspath}/weishenme/tiyoyuguojia","","","",729
228,151,151,50,"奇妙的人体","{cmspath}/weishenme/jimiaoderenti","","","",728
226,150,150,50,"机智与幽默","{cmspath}/tonghua/jizhiyuyoumo","","","",726
225,150,150,50,"幽默故事","{cmspath}/tonghua/youmogushi","","","",725
224,150,150,50,"儿童小说","{cmspath}/tonghua/ertongxiaoshui","","","",724
223,150,150,50,"战争故事","{cmspath}/tonghua/zhanzhenggushi","","","",723
221,150,150,50,"愚蠢故事","{cmspath}/tonghua/yuchungushi","","","",721
222,150,150,50,"讽刺故事","{cmspath}/tonghua/fengcigushi","","","",722
220,150,150,50,"妖魔故事","{cmspath}/tonghua/yaomogushi","","","",720
219,150,150,50,"智慧故事","{cmspath}/tonghua/zhihuigushi","","","",719
218,150,150,50,"神仙故事","{cmspath}/tonghua/shenxiangushi","","","",718
217,150,150,50,"爱情故事","{cmspath}/tonghua/aiqinggushi","","","",717
216,150,150,50,"希腊神话","{cmspath}/tonghua/xilashenhua","","","",716
215,150,150,50,"国王故事","{cmspath}/tonghua/guowanggushi","","","",715
214,150,150,50,"风景故事","{cmspath}/tonghua/fengjinggushi","","","",714
227,151,151,50,"文化与艺术","{cmspath}/weishenme/wenhuayuyishu","","","",727
212,150,150,50,"王子故事","{cmspath}/tonghua/wangzigushi","","","",712
213,150,150,50,"安徒生童话","{cmspath}/tonghua/antushengtonghua","","","",713
210,150,150,50,"郑渊洁童话","{cmspath}/tonghua/zhengyuanjietonghua","","","",710
209,150,150,50,"善恶故事","{cmspath}/tonghua/shanegushi","","","",709
208,150,150,50,"公主故事","{cmspath}/tonghua/gongzhugushi","","","",708
207,150,150,50,"兄弟故事","{cmspath}/tonghua/xiongdigushi","","","",707
206,150,150,50,"一千零一夜","{cmspath}/tonghua/yiqianlingyiye","","","",706
205,150,150,50,"惊险故事","{cmspath}/tonghua/jingxiangushi","","","",705
204,150,150,50,"格林童话","{cmspath}/tonghua/gelintonghua","","","",704
203,150,150,50,"宝物故事","{cmspath}/tonghua/baowugushi","","","",703
202,150,150,50,"动物故事","{cmspath}/tonghua/dongwugushi","","","",702
200,150,150,50,"勇士故事","{cmspath}/tonghua/yongshigushi","","","",700
201,150,150,50,"成语故事","{cmspath}/tonghua/chengyugushi","","","",701
199,150,150,50,"帝王故事","{cmspath}/tonghua/diwanggushi","","","",699
198,150,150,50,"寓言故事","{cmspath}/tonghua/yuyangushi","","","",698
197,150,150,50,"奇遇故事","{cmspath}/tonghua/jiyugushi","","","",697
196,150,150,50,"传奇故事","{cmspath}/tonghua/chuanjigushi","","","",696
195,150,150,50,"民间故事","{cmspath}/tonghua/minjiangushi","","","",695
194,150,150,50,"益智故事","{cmspath}/tonghua/yizhigushi","","","",694
193,150,150,50,"爱国故事","{cmspath}/tonghua/aiguogushi","","","",693
192,150,150,50,"鬼怪故事","{cmspath}/tonghua/guiguaigushi","","","",692
190,150,150,50,"睡前故事","{cmspath}/tonghua/shuiqiangushi","","","",690
191,150,150,50,"名人趣事","{cmspath}/tonghua/mingrenqushi","","","",691
232,151,151,50,"军事知识","{cmspath}/weishenme/junshizhishi","","","",732
233,151,151,50,"身边的常识","{cmspath}/weishenme/shenbiandechangshi","","","",733
234,151,151,50,"科学知识","{cmspath}/weishenme/kexuezhishi","","","",734
235,151,151,50,"可爱的动物","{cmspath}/weishenme/keaidedongwu","","","",735
236,151,151,50,"天文地理","{cmspath}/weishenme/tianwendeli","","","",736
237,151,151,50,"有趣的植物","{cmspath}/weishenme/youqudezhiwu","","","",737
238,151,151,50,"动物植物","{cmspath}/weishenme/dongwuzhiwu","","","",738
239,151,151,50,"美丽的地球","{cmspath}/weishenme/meilidedeqiu","","","",739
240,151,151,50,"学科新知","{cmspath}/weishenme/xuekexinzhi","","","",740
241,151,151,50,"神秘的宇宙","{cmspath}/weishenme/shenbideyuzhou","","","",741
242,151,151,50,"神奇的科技","{cmspath}/weishenme/shenjidekeji","","","",742
243,151,151,50,"军事与交通","{cmspath}/weishenme/junshiyujiaotong","","","",743
244,151,151,50,"数理化之谜","{cmspath}/weishenme/shulihuazhimei","","","",744
245,3,1,50,"孕期性生活","{cmspath}/huaiyun/aiai","","","",745
246,5,1,50,"坐月子","{cmspath}/yuezi/zuoyuezi","","","",746
247,29,1,50,"幼儿期用品","{cmspath}/yuer/yongpin","","","",747
248,30,1,50,"学龄前喂养","{cmspath}/xueqian/weiyang","","","",748
249,30,1,50,"学龄前用品","{cmspath}/xueqian/yongpin","","","",749
250,0,0,50,"励志一生","{cmspath}/lizhi","励志一生网站为网友倾心奉献励志名言大全，名人名言大全，励志电影排行榜，励志歌曲排行，经典语录，经典语句等励志资料大全。励志，从此开始。","励志名言,名人名言,励志电影,励志歌曲,经典语录,经典语句","励志名言名人名言大全_励志电影歌曲排行_经典语录语句",750
251,250,250,50,"励志名言","{cmspath}/lizhi/lizhimingyan","本栏目倾心奉献最好的励志名言资料，查找励志名言大全，励志名言名句大全，励志名言警句大全，励志格言大全，从这里开始。","励志名言,励志名言大全,励志名言名句大全,励志格言","励志名言名句大全_励志名言警句_励志格言大全",751
252,250,250,50,"人生感悟","{cmspath}/lizhi/renshengganwu","傲帝育儿网倾心奉献最好的人生感悟资料，查找人生感悟,感悟人生,从这里开始。","人生感悟,感悟人生","感悟人生",752
253,250,250,50,"成功励志","{cmspath}/lizhi/chenggonglizhi","傲帝育儿网倾心奉献最好的成功励志资料，查找成功励志，成功励志大全，从这里开始。","成功励志,成功励志大全","成功励志大全",753
254,250,250,50,"励志电影","{cmspath}/lizhi/lizhidianying","傲帝育儿网倾心奉献最好的励志电影资料，查找励志电影,青春励志电影,励志电影排行榜,从这里开始。","励志电影,青春励志电影,励志电影排行榜","青春励志电影_励志电影排行榜",754
255,250,250,50,"伤感","{cmspath}/lizhi/shanggan","傲帝育儿网倾心奉献最好的伤感资料，查找伤感日志,伤感说说,伤感网名,伤感文字,从这里开始。","伤感,伤感日志,伤感说说,伤感网名,伤感文字","伤感说说_伤感网名_伤感文字",755
256,250,250,50,"高三励志","{cmspath}/lizhi/gaosanlizhi","傲帝育儿网倾心奉献最好的高三励志资料，查找高三励志，高三励志大全，从这里开始。","高三励志,高三励志大全","高三励志大全",756
257,250,250,50,"励志歌曲","{cmspath}/lizhi/lizhigequ","傲帝育儿网倾心奉献最好的励志歌曲资料，查找励志歌曲，励志歌曲大全，从这里开始。","励志歌曲,励志歌曲大全","励志歌曲大全",757
258,250,250,50,"经典台词","{cmspath}/lizhi/jingdiantaici","傲帝育儿网倾心奉献最好的经典台词资料，查找经典台词，经典台词大全，经典电影台词，相声台词，小品台词从这里开始。","经典台词,经典台词大全,经典电影台词,相声台词,小品台词","经典台词大全_经典电影台词_相声台词_小品台词",758
259,250,250,50,"青春励志","{cmspath}/lizhi/qingchunlizhi","傲帝育儿网倾心奉献最好的青春励志资料，查找青春励志，青春励志大全，从这里开始。","青春励志,青春励志大全","青春励志大全",759
260,250,250,50,"励志文章","{cmspath}/lizhi/lizhiwenzhang","傲帝育儿网倾心奉献最好的励志文章资料，查找励志文章，励志文章阅读，励志文章网，从这里开始。","励志文章,励志文章阅读,励志文章网","励志文章阅读_励志文章网",760
261,250,250,50,"励志电视剧","{cmspath}/lizhi/lizhidianshiju","傲帝育儿网倾心奉献最好的励志电视剧资料，查找励志电视剧，励志电视剧大全，从这里开始。","励志电视剧,励志电视剧大全","励志电视剧大全",761
262,250,250,50,"感恩励志","{cmspath}/lizhi/ganenlizhi","傲帝育儿网倾心奉献最好的感恩励志资料，查找感恩励志，感恩励志大全，从这里开始。","感恩励志,感恩励志大全","感恩励志大全",762
263,250,250,50,"励志故事","{cmspath}/lizhi/lizhigushi","傲帝育儿网倾心奉献最好的励志故事资料，查找励志故事,励志小故事,励志故事大全从这里开始。","励志故事,励志小故事,励志故事大全","励志小故事_励志故事大全",763
264,250,250,50,"励志人物","{cmspath}/lizhi/lizhirenwu","傲帝育儿网倾心奉献最好的励志人物资料，查找励志人物，励志人物大全，从这里开始。","励志人物,励志人物大全","励志人物大全",764
265,250,250,50,"为人处世","{cmspath}/lizhi/weirenchushi","傲帝育儿网倾心奉献最好的为人处世资料，查找为人处事,做人做事,为人处世,从这里开始。","为人处事,做人做事,为人处世","做人做事_为人处世",765
266,250,250,50,"励志书籍","{cmspath}/lizhi/lizhishuji","傲帝育儿网倾心奉献最好的励志书籍资料，查找励志书籍,励志书籍排行榜,经典励志书籍推荐,励志书籍下载，从这里开始。","励志书籍,励志书籍排行榜,经典励志书籍推荐,励志书籍下载","励志书籍排行榜_经典励志书籍推荐_励志书籍下载",766
267,250,250,50,"励志英语","{cmspath}/lizhi/lizhiyingyu","傲帝育儿网倾心奉献最好的励志英语资料，查找励志英语，励志英语大全，从这里开始。","励志英语,励志英语大全","励志英语大全",767
268,250,250,50,"读后感","{cmspath}/lizhi/duhougan","傲帝育儿网倾心奉献最好的读后感资料,查找读后感,读后感大全,读后感范文从这里开始。","读后感,读后感大全,读后感范文","读后感大全_读后感范文",768
269,250,250,50,"励志演讲","{cmspath}/lizhi/lizhiyanjiang","傲帝育儿网倾心奉献最好的励志演讲资料，查找励志演讲，励志演讲稿，从这里开始。","励志演讲,励志演讲稿","励志演讲稿",769
270,250,250,50,"个性签名","{cmspath}/lizhi/gexingqianming","傲帝育儿网倾心奉献最好的个性签名资料，查找个性签名,伤感个性签名,qq个性签名大全,qq签名,从这里开始。","个性签名,伤感个性签名,qq个性签名大全,qq签名","伤感个性签名_qq个性签名大全_qq签名",770
271,250,250,50,"观后感","{cmspath}/lizhi/guanhougan","傲帝育儿网倾心奉献最好的观后感资料,查找观后感,观后感大全,观后感范文从这里开始。","观后感,观后感大全,观后感范文","观后感大全_观后感范文",771
272,250,250,50,"创业","{cmspath}/lizhi/chuangye","傲帝育儿网倾心奉献最好的创业资料，查找创业,大学生创业,创业故事，从这里开始。","创业,大学生创业,创业故事","大学生创业_创业故事",772
273,250,250,50,"大学生励志","{cmspath}/lizhi/daxueshenglizhi","傲帝育儿网倾心奉献最好的大学生励志资料，查找大学生励志，大学生励志大全，从这里开始。","大学生励志,大学生励志大全","大学生励志大全",773
274,250,250,50,"励志诗歌","{cmspath}/lizhi/lizhishige","傲帝育儿网倾心奉献最好的励志诗歌资料，查找励志诗歌，励志诗歌大全，从这里开始。","励志诗歌,励志诗歌大全","励志诗歌大全",774
275,250,250,50,"名人名言","{cmspath}/lizhi/mingrenmingyan","本栏目倾心奉献最好的名人名言资料，查找名人名言,名人名言大全,格言,名言警句,名言名句大全，从这里开始。","名人名言,名人名言大全,格言,名言警句,名言名句大全","格言大全_名言警句_名言名句大全",775
276,250,250,50,"标语口号","{cmspath}/lizhi/biaoyukouhao","傲帝育儿网倾心奉献最好的标语口号资料，查找标语,口号,团队口号,环保标语,班级口号,安全标语，从这里开始。","标语,口号,团队口号,环保标语,班级口号,安全标语","团队口号_环保标语_班级口号_安全标语",776
277,250,250,50,"经典语录","{cmspath}/lizhi/jingdianyulu","傲帝育儿网倾心奉献最好的经典语录资料，查找经典语录,语录,经典语录大全,经典语句,经典语句大全,经典句子，从这里开始。","经典语录,语录,经典语录大全,经典语句,经典语句大全,经典句子","语录_经典语录大全_经典语句_经典句子",777
278,250,250,50,"职场励志","{cmspath}/lizhi/zhichanglizhi","傲帝育儿网倾心奉献最好的职场励志资料，查找职场励志，职场励志大全，从这里开始。","职场励志,职场励志大全","职场励志大全",778
